model,accuracy,precision,recall,f1
Logistic Regression,0.9698922565703353,0.375,0.010101010101010102,0.019672131147540985
Decision Tree Classifier,0.9873124559460276,0.9572192513368984,0.6026936026936027,0.7396694214876033
Random Forest Classifier,0.9878159299164233,0.9888888888888889,0.5993265993265994,0.7463312368972745
