model,accuracy,precision,recall,f1
Logistic Regression,0.9991748885221726,0.8311688311688312,0.6530612244897959,0.7314285714285713
Decision Tree Classifier,0.999403110845827,0.8902439024390244,0.7448979591836735,0.8111111111111111
Random Forest Classifier,0.9995962220427653,0.9411764705882353,0.8163265306122449,0.8743169398907105
