model,accuracy,precision,recall,f1
Logistic Regression,0.6,0.6222222222222221,0.6,0.56
Decision Tree Classifier,0.6666666666666666,0.6666666666666666,0.6666666666666666,0.6636500754147813
Random Forest Classifier,0.6,0.6222222222222221,0.6,0.56
